,edge,delta,c_s,c_sTwoSequence,p_value,result_test,result_test_tip2tip
0,"(Node1*, Node2*)",0.5994147173594222,0.09608291317836566,0.22090128321848332,5.256120404445933e-25,Informative,InfoT2T
1,"(Node1*, s5)",0.010914611400850913,0.01642515839114264,0.22090128321848332,0.1371936918022324,Saturated,SatuT2T
2,"(Node2*, Node3*)",0.16325929365163616,0.050023441202639345,0.22090128321848332,3.975521951346661e-08,Informative,SatuT2T
3,"(Node2*, Node4*)",0.1005452914589967,0.039861091325304354,0.22090128321848332,1.6699066577960637e-05,Informative,SatuT2T
4,"(Node3*, s1)",0.05878458768386185,0.031224761911161823,0.22090128321848332,0.0009786163977093922,Informative,SatuT2T
5,"(Node3*, s2)",0.2365365736386977,0.06208545820931763,0.22090128321848332,1.8444511639458688e-10,Informative,InfoT2T
6,"(Node4*, s3)",0.23199759534156522,0.06232537021022663,0.22090128321848332,4.5989633230152503e-10,Informative,InfoT2T
7,"(Node4*, s4)",0.2317423689867523,0.059945429894126205,0.22090128321848332,1.0165388168631134e-10,Informative,InfoT2T
