,edge,delta,c_s,c_sTwoSequence,p_value,result_test,result_test_tip2tip
0,"(Node1*, Node2*)",0.00019677325023348863,0.0019559022670110437,0.22090128321848332,0.43428299722862773,Saturated,SatuT2T
1,"(Node1*, s5)",0.011521521622489185,0.01626603852946574,0.22090128321848332,0.12199354896874842,Saturated,SatuT2T
2,"(Node2*, Node3*)",0.11394488948283492,0.042370025670135675,0.22090128321848332,4.856338662040538e-06,Informative,SatuT2T
3,"(Node2*, Node4*)",0.059858448134073795,0.02976906306708447,0.22090128321848332,0.0004708211069224382,Informative,SatuT2T
4,"(Node3*, s1)",0.04338533569377196,0.029719993275255742,0.22090128321848332,0.008171543516778332,Informative,SatuT2T
5,"(Node3*, s2)",0.23202424282849018,0.061013931327956246,0.22090128321848332,1.9867913464166428e-10,Informative,InfoT2T
6,"(Node4*, s3)",0.2193571531379073,0.05959837763804549,0.22090128321848332,7.063282724834464e-10,Informative,SatuT2T
7,"(Node4*, s4)",0.22539295900016923,0.0607121948882196,0.22090128321848332,5.092292759595867e-10,Informative,InfoT2T
