,edge,delta,c_s,c_sTwoSequence,p_value,result_test,result_test_tip2tip
0,"(Node1*, Node2*)",0.1614053046430892,0.05020185537595446,0.22090128321848332,6.169136864382865e-08,Informative,SatuT2T
1,"(Node1*, s5)",0.011087305224560213,0.015928007876560207,0.22090128321848332,0.12611205339374265,Saturated,SatuT2T
2,"(Node2*, Node3*)",0.11380971929828788,0.04234837484844536,0.22090128321848332,4.923995202015821e-06,Informative,SatuT2T
3,"(Node2*, Node4*)",0.07376063981299338,0.03428754557151156,0.22090128321848332,0.00020122640399000412,Informative,SatuT2T
4,"(Node3*, s1)",0.0463807568590513,0.0277280515373266,0.22090128321848332,0.002967515719716516,Informative,SatuT2T
5,"(Node3*, s2)",0.2362859815630198,0.06194467448395457,0.22090128321848332,1.7567129190945766e-10,Informative,InfoT2T
6,"(Node4*, s3)",0.22813454168927483,0.060423831814131634,0.22090128321848332,2.6447883651314933e-10,Informative,InfoT2T
7,"(Node4*, s4)",0.22850929436850922,0.06041289084598752,0.22090128321848332,2.460681563908011e-10,Informative,InfoT2T
