,edge,delta,c_s,c_sTwoSequence,p_value,result_test,result_test_tip2tip
0,"(Node1*, Node2*)",0.011182967316963515,0.013043357765820556,0.22090128321848332,0.07923351469921441,Saturated,SatuT2T
1,"(Node1*, s5)",0.011308149184226946,0.01567119439719885,0.22090128321848332,0.1176321545720761,Saturated,SatuT2T
2,"(Node2*, Node3*)",0.10781310190575057,0.04027404252211008,0.22090128321848332,5.332000496249372e-06,Informative,SatuT2T
3,"(Node2*, Node4*)",0.06010964511598235,0.03031037081870637,0.22090128321848332,0.0005532012024259847,Informative,SatuT2T
4,"(Node3*, s1)",0.041119348050102575,0.026432688149248786,0.22090128321848332,0.005252081054169995,Informative,SatuT2T
5,"(Node3*, s2)",0.2313610752465976,0.060569376294836046,0.22090128321848332,1.660908907805851e-10,Informative,InfoT2T
6,"(Node4*, s3)",0.22308004826806474,0.058595412313266974,0.22090128321848332,1.8983680578461095e-10,Informative,InfoT2T
7,"(Node4*, s4)",0.22533410130905582,0.058898722908465616,0.22090128321848332,1.5583136042617925e-10,Informative,InfoT2T
