,edge,delta,c_s,c_sTwoSequence,p_value,result_test,result_test_tip2tip
0,"(Node1*, Node2*)",0.0007836888151324633,0.0035602022216564408,0.22090128321848332,0.35864870927071585,Saturated,SatuT2T
1,"(Node1*, s5)",0.010967037719222564,0.01809365056356685,0.22090128321848332,0.15938490871861666,Saturated,SatuT2T
2,"(Node2*, Node3*)",0.10159756032095259,0.039966293831723496,0.22090128321848332,1.4489085446776627e-05,Informative,SatuT2T
3,"(Node2*, Node4*)",0.059040143953766416,0.02971392324904773,0.22090128321848332,0.0005410823322108691,Informative,SatuT2T
4,"(Node3*, s1)",0.04152861835028569,0.02640677490511727,0.22090128321848332,0.0048438811496967155,Informative,SatuT2T
5,"(Node3*, s2)",0.23292759433968302,0.06083281804620341,0.22090128321848332,1.506480399338663e-10,Informative,InfoT2T
6,"(Node4*, s3)",0.22482473393372207,0.06066570451369199,0.22090128321848332,5.445821619681403e-10,Informative,InfoT2T
7,"(Node4*, s4)",0.2157851566750323,0.059146820486211685,0.22090128321848332,9.810480082428617e-10,Informative,SatuT2T
