,edge,delta,c_s,c_sTwoSequence,p_value,result_test,result_test_tip2tip
0,"(Node1*, Node2*)",0.002879577526567926,0.006967279667755349,0.22090128321848332,0.24830978987307356,Saturated,SatuT2T
1,"(Node1*, s5)",0.01038528688556966,0.016204212760194524,0.22090128321848332,0.1458985654572632,Saturated,SatuT2T
2,"(Node2*, Node3*)",0.1025280652120278,0.04004790877158399,0.22090128321848332,1.2709444952407393e-05,Informative,SatuT2T
3,"(Node2*, Node4*)",0.05910516841498275,0.029912779936228956,0.22090128321848332,0.0005768340667141412,Informative,SatuT2T
4,"(Node3*, s1)",0.03735672089510877,0.02766462978324744,0.22090128321848332,0.013171569928035911,Informative,SatuT2T
5,"(Node3*, s2)",0.23207180540587213,0.06041325943696824,0.22090128321848332,1.3201513748609003e-10,Informative,InfoT2T
6,"(Node4*, s3)",0.22060345372756185,0.05942437754991421,0.22090128321848332,5.099806524124476e-10,Informative,SatuT2T
7,"(Node4*, s4)",0.21476500208592922,0.05755736356820596,0.22090128321848332,4.192118800327086e-10,Informative,SatuT2T
