,edge,delta,c_s,c_sTwoSequence,p_value,result_test,result_test_tip2tip
0,"(Node1*, Node2*)",0.04194107316427627,0.025138634753847238,0.22090128321848332,0.003032382770044338,Informative,SatuT2T
1,"(Node1*, s5)",0.011251172550544246,0.014366516816292207,0.22090128321848332,0.09884320234900873,Saturated,SatuT2T
2,"(Node2*, Node3*)",0.10396847512240968,0.039702183722708076,0.22090128321848332,8.259483776621451e-06,Informative,SatuT2T
3,"(Node2*, Node4*)",0.06025789002626919,0.03039074730194556,0.22090128321848332,0.0005543803249012209,Informative,SatuT2T
4,"(Node3*, s1)",0.04103937332370551,0.026648378075540494,0.22090128321848332,0.005652477460639509,Informative,SatuT2T
5,"(Node3*, s2)",0.2371842089980719,0.0613088057110563,0.22090128321848332,9.86590119007774e-11,Informative,InfoT2T
6,"(Node4*, s3)",0.220143874155186,0.05849912175991207,0.22090128321848332,3.009879495666296e-10,Informative,SatuT2T
7,"(Node4*, s4)",0.2250113772329342,0.05867403709046419,0.22090128321848332,1.4141064136668199e-10,Informative,InfoT2T
