,edge,delta,c_s,c_sTwoSequence,p_value,result_test,result_test_tip2tip
0,"(Node1*, Node2*)",5.048449943955749e-05,0.0020324077421008686,0.22090128321848332,0.4837046490594753,Saturated,SatuT2T
1,"(Node1*, s5)",0.012008106513152683,0.01709679160932536,0.22090128321848332,0.12398793787713269,Saturated,SatuT2T
2,"(Node2*, Node3*)",0.1096751103553039,0.04141288563007469,0.22090128321848332,6.6194080923263845e-06,Informative,SatuT2T
3,"(Node2*, Node4*)",0.058670379865698445,0.03070561923421943,0.22090128321848332,0.0008364617560374281,Informative,SatuT2T
4,"(Node3*, s1)",0.042534721978669934,0.026383400855463767,0.22090128321848332,0.004003247304588059,Informative,SatuT2T
5,"(Node3*, s2)",0.24528444339773772,0.06293446675407738,0.22090128321848332,7.240369641227792e-11,Informative,InfoT2T
6,"(Node4*, s3)",0.22186369687990934,0.059738011228608216,0.22090128321848332,5.016129035294033e-10,Informative,InfoT2T
7,"(Node4*, s4)",0.2364317617573749,0.06066291431525684,0.22090128321848332,7.2395986812125e-11,Informative,InfoT2T
