,edge,delta,c_s,c_sTwoSequence,p_value,result_test,result_test_tip2tip
0,"(Node1*, Node2*)",2.299762567626755,0.18741626158600705,0.22090128321848332,6.794027834586705e-91,Informative,InfoT2T
1,"(Node1*, s5)",0.011357632476284083,0.014891988051580441,0.22090128321848332,0.10483450518094856,Saturated,SatuT2T
2,"(Node2*, Node3*)",0.2997187937137743,0.06720384061058807,0.22090128321848332,1.1020523697378457e-13,Informative,InfoT2T
3,"(Node2*, Node4*)",0.24664321010738233,0.0619556085683247,0.22090128321848332,2.913540535476724e-11,Informative,InfoT2T
4,"(Node3*, s1)",0.09702672262476746,0.03958309989785856,0.22090128321848332,2.7664887828100597e-05,Informative,SatuT2T
5,"(Node3*, s2)",0.30851165433255856,0.07068116811612585,0.22090128321848332,3.497954904202331e-13,Informative,InfoT2T
6,"(Node4*, s3)",0.2901018121977324,0.06777786702438862,0.22090128321848332,9.592841196004415e-13,Informative,InfoT2T
7,"(Node4*, s4)",0.28486380005053324,0.06764911521874635,0.22090128321848332,2.159681432277275e-12,Informative,InfoT2T
